id,path,date
1,stx-164-biomathematician.jpg,2025-01-13 02:27:11
2,pkld-59s-padeem-consul-of-innovation.jpg,2025-01-13 02:27:13
3,pcy-45-rhystic-study.jpg,2025-01-13 02:27:14
4,lea-232-black-lotus.jpg,2025-01-13 02:27:16
5,j22-40-kibo-uktabi-prince.jpg,2025-01-13 02:27:19
6,lea-232-black-lotus.jpg,2025-01-13 02:27:21
7,mh3-56-corrupted-shapeshifter.jpg,2025-01-13 02:27:24
8,sld-1737-wolverine-best-there-is.jpg,2025-01-13 02:27:28
9,pcy-45-rhystic-study.jpg,2025-01-13 02:27:31
10,pcy-45-rhystic-study.jpg,2025-01-13 02:27:33
11,pcy-45-rhystic-study.jpg,2025-01-13 02:27:36
12,j22-40-kibo-uktabi-prince.jpg,2025-01-13 02:27:39
13,j22-40-kibo-uktabi-prince.jpg,2025-01-13 02:28:21
14,sld-1742-storm-force-of-nature.jpg,2025-01-13 02:28:25
15,tmp-294-lotus-petal.jpg,2025-01-13 02:34:21
16,nem-30-daze.jpg,2025-01-13 02:34:25
17,pkld-59s-padeem-consul-of-innovation.jpg,2025-01-13 02:34:36
18,ice-87-mystic-remora.jpg,2025-01-13 02:34:39
19,pcy-45-rhystic-study.jpg,2025-01-13 02:34:41
20,lea-232-black-lotus.jpg,2025-01-13 02:34:44
21,bro-225-urza-lord-protector.jpg,2025-01-13 02:34:52
22,pcy-45-rhystic-study.jpg,2025-01-13 02:34:55
23,lea-232-black-lotus.jpg,2025-01-13 02:34:58
